ARTIST,TITLE,
Van Halen,A Apolitical Blues,
Clint Black & Wynonna,A Bad Goodbye,
Clint Black & Wynonna,A Bad Goodbye,
Herb Alpert & The Tijuana Brass,A Banda,
Hurricane Chris,A Bay Bay,
The Tragically Hip,A Beautiful Thing,
Clint Black,A Better Man,
Elvis Presley,A Big Hunk O'Love,
Natalie MacMaster,A Blast,
Tom Jones,A Boy From Nowhere,
Johnny Cash,A Boy Named Sue,
Mike + The Mechanics,A Call to Arms,
Joni Mitchell,A Case of You,
Arctic Monkeys,A Certain Romance,
Sam Cooke,A Change Is Gonna Come,
Sheryl Crow,A Change Would Do You Good,
Sheryl Crow,A Change Would Do You Good,
Sheryl Crow,A Change Would Do You Good,
Amy Grant,A Christmas to Remember,
Cowboy Junkies,A Common Disaster,
Cowboy Junkies,A Common Disaster,
Vilayat Khan,A Cry From the Heart,
The Beatles,A Day in the Life,
David Usher,A Day in the Life [Chr Mix],
Aretha Franklin,A Deeper Love,
George Michael,A Different Corner,
Peter Gabriel,A Different Drum,
Pet Shop Boys,A Different Point of View,
The Killers,A Dustland Fairytale,
Asia,A Far Cry,
Rush,A Farewell to Kings,
High Valley,A Father's Love (The Only Way He Knew),
Frank Sinatra,A Fella With an Umbrella,
Walter Murphy,A Fifth of Beethoven,
Walter Murphy,A Fifth of Beethoven,
Trans-Siberian Orchestra,A Final Dream,
Leftfield,A Final Hit,
Fountains of Wayne,A Fine Day For A Parade,
Kirsty Hawkshaw,A Fine Day,
Kirsty Hawkshaw,A Fine Day [Mike Koglin 12'' Mix],
Frank Sinatra,A Fine Romance,
The Simpsons,A Fish Called Selma Medley,
Michael Buble,A Foggy Day (In London Town),
Frank Sinatra,A Foggy Day,
Blank & Jones Featuring Robert Smith,A Forest [Club Mix],
Blank & Jones Featuring Robert Smith,A Forest [Short Cut],
The Cure,A Forest,
The Cure,A Forest,
The Cure,A Forest [Acoustic],
Pete Townshend,A Friend Is a Friend,
The Hives,A Get Together to Tear It Apart,
Romeo Void,A Girl in Trouble (Is a Temporary Thing) [Dance Mix],
Romeo Void,A Girl in Trouble (Is a Temporary Thing),
Lucas Prata Featuring Jeannie Ortega,A Girl Like That [Giuseppe D Radio Edit],
Edwyn Collins,A Girl Like You,
Edwyn Collins,A Girl Like You,
The Smithereens,A Girl Like You,
Feargal Sharkey,A Good Heart,
Emerson Drive,A Good Man,
Clint Black,A Good Run of Bad Luck,
Pink Floyd,A Great Day for Freedom,
The Beatles,A Hard Day's Night,
The Beatles,A Hard Day's Night,
Simon & Garfunkel,A Hazy Shade of Winter,
Attila Fias & Robert Piltch,A Holly Jolly Christmas [Jazz Version],
Burl Ives,A Holly Jolly Christmas,
America,A Horse With No Name,
Glee Cast,A House Is Not A Home,
Nat King Cole,A House With Love in It,
Mychael Danna,A Jewel of the Gutter,
Queen,A Kind of Magic,
Queen,A Kind of Magic,
Flight Of The Conchords,A Kiss Is Not a Contract,
Louis Armstrong,A Kiss to Build a Dream On,
The Benedictine Monks Of Santo Domingo De Silos,A Kyrie Xi,
Musica Intima,A la claire fontaine [arr. Stephen Smith],
Trans-Siberian Orchestra,A Last Illusion,
The Fixx,A Letter to Both Sides,
The Cure,A Letter to Elise,
Glass Tiger,A Lifetime of Moments,
John August,A Light Flickers Inside,
The Monkees,"A Little Bit Me, A Little Bit You",
911,A Little Bit More,
Jocelyn Enriquez,A Little Bit of Ecstasy,
Jocelyn Enriquez,A Little Bit of Ecstasy,
RuPaul,A Little Bit of Love,
The Jarmels,A Little Bit of Soap,
Sara Evans,A Little Bit Stronger,
David Wilcox,A Little Chunk of You,
Tony Bishop Featuring Striger,A Little Closer [Extended Edit],
Bavarian Beersingers,A Little Hunting Song,
Pete Townshend,A Little Is Enough,
Elvis Presley,A Little Less Conversation [Jxl Radio Edit Remix],
Elvis Presley vs. JXL,A Little Less Conversation,
Elvis Presley vs. JXL,A Little Less Conversation [Radio Edit],
Elvis Presley vs. JXL,A Little Less Conversation,
Fall Out Boy,"A Little Less Sixteen Candles, a Little More Touch Me",
Toby Keith,A Little Less Talk And a Lot More Action,
Corey Hart,A Little Love,
Easton Corbin,A Little More Country,
*NSYNC,A Little More Time on You,
Kira Isabella,A Little More Work,
Erasure,A Little Respect,
Erasure,A Little Respect,
Erasure,A Little Respect,
The Beautiful South,A Little Time,
The Beautiful South,A Little Time,
Toby Keith,A Little Too Late,
Paul Carrack,A Little Unkind,
Counting Crows,A Long December,
Counting Crows,A Long December,
Nancy Wilson,A Lot of Livin' to Do,
John Mann,A Lot To Learn,
Michael Bolton,A Love So Beautiful,
Renee Olstead,A Love That Will Last,
Boston,A Man I'll Never Be,
Jack-N-House,A Man With a Horn,
Ray Anthony,A Marshmallow World,
Billy Joel,A Matter of Trust,
Billy Joel,A Matter of Trust [Live],
Natalie Cole,A Medley Of: For Sentimental Reasons & Tenderly & Autumn Leaves,
Gipsy Kings,A Mi Manera (Comme D'Habitude),
The New Main Street Singers,A Mighty Wind,
Big Wreck,A Million Days,
Spacekid,A Million Potsies,
Max Webster,A Million Vacations,
Lil Wayne,A Milli,
Billy Joel,A Minor Variation,
Kelly Clarkson,A Moment Like This,
The Starlite Singers,A Moment Like This [Cover],
"Harry Connick, Jr.",A Moment With Me,
George Michael,A Moment With You,
The Herbaliser,A Mother (For Your Mind),
Counting Crows,A Murder of One,
Aretha Franklin,A Natural Woman (You Make Me Feel Like),
Celine Dion,A New Day Has Come,
Jethro Tull,A New Day Yesterday,
Pink Floyd,A New Machine (Part 1),
Pink Floyd,A New Machine (Part 2),
The Cure,A Night Like This,
Tomi Swick,A Night Like This,
Generation Disco,A Night to Remember,
Carol Welsman,A Nightingale Sang in Berkeley Square,
Charles Bernstein,A Nightmare on Elm Street,
Rush,A Passage to Bangkok [Live],
Jethro Tull,A Passion Play Edit #8,
Jethro Tull,A Passion Play Edit #9,
The Engine Room,A Perfect Lie [Gabriel & Dresden Remix],
Pink Floyd,A Pillow of Winds,
Disney Cast,A Pirate's Life (From Peter Pan),
Sam & Dave,A Place Nobody Can Find,
Delerium,A Poem For Byzantium,
Jessica Simpson,A Public Affair,
Jessica Simpson,A Public Affair [Johnny Budz Radio Mix],
Depeche Mode,A Question of Lust,
Depeche Mode,A Question of Lust,
Depeche Mode,A Question of Time,
Depeche Mode,A Question of Time,
The Gandharvas,A Quick Feel,
Denis Leary,A Reading from the Book of Apple,
Sara Evans,A Real Fine Place to Start,
CB Milton,A Real Love,
Aretha Franklin,A Rose Is Still a Rose,
Pink Floyd,A Saucerful of Secrets,
Van Morrison,A Sense of Wonder,
Jimmy Haskell,A Shot in the Dark,
Frank Sinatra,A Sinner Kissed an Angel,
Natalie Cole,A Smile Like Yours,
The Benedictine Monks Of Santo Domingo De Silos,A Solis Ortus Cardine,
The Gurleys,A Song for Dad,
Boyz II Men,A Song for Mama,
Boyz II Men,A Song for Mama,
Richard Ashcroft,A Song for the Lovers,
U2,A Sort of Homecoming,
Julie Andrews,A Spoonful of Sugar,
Michael Hutchence,A Straight Line,
Glenn Miller and His Orchestra,A String of Pearls,
Glenn Miller and His Orchestra,A String of Pearls,
Etta James,A Sunday Kind of Love,
Herb Alpert & The Tijuana Brass,A Taste of Honey,
Ed Sheeran,The A Team,
David Sanborn,A Tear for Crystal,
Dion & The Belmonts,A Teenager in Love,
H-Town,A Thin Line Between Love And Hate,
Dwight Yoakam,A Thousand Miles From Nowhere,
Dwight Yoakam,A Thousand Miles From Nowhere,
Vanessa Carlton,A Thousand Miles,
Vanessa Carlton,A Thousand Miles,
Savage Garden,A Thousand Words,
Mike + The Mechanics,A Time And Place,
Kids Chorus,A Tisket A Tasket,
Willa Ford Featuring Lady May,A Toast to Men [Edited Version With Intro],
Willa Ford Featuring Lady May,A Toast to Men [Johnny Budz Edited Radio Mix],
Duran Duran,A View to a Kill,
Duran Duran,A View to a Kill,
Duran Duran,A View to a Kill,
Jason Prince,A View to a Kill,
The Columbia Ballroom Orchestra,A Walk in the Black Forest,
Volbeat,A Warrior's Call,
Deep Blue Something,A Water Prayer,
The Kinks,A Well Respected Man,
Marty Robbins,A White Sport Coat,
Procol Harum,A Whiter Shade of Pale,
The Royal Philharmonic Orchestra,A Whiter Shade Of Pale,
Sarah Brightman,A Whiter Shade of Pale,
Peabo Bryson & Regina Belle,A Whole New World,
Peabo Bryson & Regina Belle,A Whole New World,
"Harry Connick, Jr.",A Wink And a Smile,
Dean Martin,A Winter Romance,
Johnny Reid,A Woman Like You,
Lee Brice,A Woman Like You,
Alan Jackson,A Woman's Love,
Toby Keith,A Woman's Touch,
Alicia Keys,A Woman's Worth,
Triumph,A World of Fantasy,
Triumph,A World of Fantasy,
Peter & Gordon,A World Without Love,
Selena Gomez & The Scene,A Year Without Rain [Alias Radio Edit],
The Beach Boys,A Young Man is Gone,
Goldfrapp,A&E [Gui Boratto Remix],
Eminem,A** Like That,
Vampire Weekend,A-Punk,
Mike Post & Pete Carpenter,The A-Team,
Ella Fitzgerald,A-Tisket A-Tasket,
Aashna,A-Ya,
Van Halen,A. F. U. (Naturally Wired),
Korn,A.D.I.D.A.S.,
T.I.,A.S.A.P.,
Generation Disco,A? No Corrida,
DJ Notorious,Aa Dekhe Zaara (Rocky),
Kronos Quartet,Aaj Ki Raat,
MIDIval PunditZ,Ab Ke Baras,
Stars on 45,ABBA Medley,
Blue Bamboo,ABC & D,
K'Naan Featuring Chubb Rock,ABC's,
The Jackson 5,ABC,
The Jackson 5,ABC,
German Drinking Band,Aber Heut' Sind Wir Fidel - Ein Prosit Der Gemutlichkeit,
Cage The Elephant,Aberdeen,
Kenny Wayne Shepherd,Aberdeen,
Yes,Abilene,
Benny Benassi Presents The Biz,Able to Love [Extended Full Mix],
dbClifford,About a Girl,
Nirvana,About a Girl [Live],
Nirvana,About a Girl,
Brooke Hogan Featuring Paul Wall,About Us,
Neverest,About Us,
Sugababes,About You Now,
Sylvia Tosun,Above All [Original US Radio Edit],
John August,Above the Clouds,
Steve Miller Band,Abracadabra,
Steve Miller Band,Abracadabra [Live],
Jaki Graham,Absolute E-Sensual [Original Mix],
Stone Sour,Absolute Zero,
Pet Shop Boys,Absolutely Fabulous,
Silverchair,Abuse Me,
Bing Crosby & The Andrews Sisters,Ac-Cent-Tu-Ate the Positive,
Kelis,Acapella,
Herb Alpert & The Tijuana Brass,Acapulco 1922,
Dr. Hook,Acapulco Goldie,
DJ Misjah & DJ Tim,Access,
Counting Crows,Accidentally in Love,
Orianthi,According To You,
Monty Python,Accountancy Shanty,
Ella Fitzgerald,Ace in the Hole,
Ladytron,Ace Of Hz [Tiesto Remix Radio Edit],
Motorhead,Ace of Spades,
Led Zeppelin,Achilles Last Stand,
Billy Ray Cyrus,Achy Breaky Heart,
Billy Ray Cyrus,Achy Breaky Heart,
Fatboy Slim,Acid 8000,
The Who,The Acid Queen,
Alexis Jordan,Acid Rain [KoKo Remix Radio Edit],
John Mann,Acoustic Kitty,
Hardfloor,Acperience,
U2,Acrobat,
The Beatles,Across the Universe,
Ludacris,Act a Fool,
The Kinks,Act Nice & Gentle,
Def Leppard,Action! Not Words,
Def Leppard,Action,
The Sweet,Action,
Altern 8,Activ 8 (Come With Me),
DJ Tiesto,Adagio for Strings [Radio Edit],
DJ Tiesto,Adagio for Strings [Phynn Remix],
DJ Tiesto,Adagio for Strings [Radio Edit],
Samuel Barber,Adagio for Strings,
Tomaso Albinoni,Adagio in G Minor for Strings,
Melanie Doane,Adam's Rib,
Blink-182,Adam's Song,
Blink-182,Adam's Song,
Frank Comstock,Adam-12,
Violent Femmes,Add It Up,
Violent Femmes,Add It Up [Live],
The Beach Boys,Add Some Music to Your Day,
Vic Mizzy,The Addams Family,
Puretone,Addicted to Bass [John Creamer Mix],
Robert Palmer,Addicted to Love,
Robert Palmer,Addicted to Love,
Robert Palmer,Addicted to Love,
Robert Palmer,Addicted to Love,
Danny Fernandes,Addicted,
Enrique Iglesias,Addicted [Radio Edit],
Eric Solomon,Addicted,
Saving Abel,Addicted,
Serge Devant Featuring Hadley,Addicted,
Simple Plan,Addicted,
Simple Plan,Addicted,
Medina,Addiction,
Little Game Featuring Pitbull & Amp,Addictiv,
Sash!,Adelante,
Frank Sinatra,Adeste Fideles (O Come All Ye Faithful),
Jose Carreras & Luciano Pavarotti,Adeste Fideles (O Come All Ye Faithful),
Bruce Cockburn,Adeste Fidelis,
Sarah McLachlan,Adia,
Sarah McLachlan,Adia,
Incubus,Adolescents,
Prince,Adore,
Miguel,Adorn,
Anteck,Adrenalin,
Anteck,Adrenalin [Vocal Mix],
Jewel,Adrian,
The Calling,Adrienne,
Jack Johnson,Adrift,
Daryl Hall & John Oates,Adult Education,
Red Hot Chili Peppers,The Adventures Of Rain Dance Maggie,
Angels & Airwaves,The Adventure,
Tears for Fears,Advice for the Young at Heart,
Jason Mewes,Advice From Above,
The Outhere Brothers Featuring Gerardo,Ae - Ah,
Tool,Aenema,
Daft Punk,Aerodynamic,
Red Hot Chili Peppers,Aeroplane,
Red Hot Chili Peppers,Aeroplane,
Rick Springfield,Affair of the Heart,
Haywire,Affection,
Age of Daze,Afflicted,
Motley Crue,Afraid [Swine Mix],
Santana,Africa Bamba,
Karl Wolf Featuring Culture,Africa,
Toto,Africa,
Toto,Africa,
Leftfield & Afrika Bambaataa,Afrika Shox,
Alias,After All the Love Is Gone,
Kenny Rogers & The First Edition,After All(I Live My Life),
Cher & Peter Cetera,After All,
Delerium Featuring Jael of Lunik,After All [Svenson & Gielen Remix],
Delerium Featuring Jael of Lunik,After All [Album Version Edit],
Pattie Brooks,After Dark,
Blank & Jones,After Love,
Blink-182,After Midnight,
Eric Clapton,After Midnight,
Eric Clapton,After Midnight,
The Lonely Island Featuring Santigold,After Party,
Glass Tiger,After the Dance,
Wynton Marsalis,After The Dead,
Trans-Siberian Orchestra,After The Fall,
"Earth, Wind & Fire",After the Love Has Gone,
Steps,After the Love Has Gone,
Paul Carrack,After the Love Is Gone,
Jesus Loves You,After the Love [10 Glorious Years Edit],
Engelbert Humperdinck,After the Lovin',
The Eagles,After the Thrill Is Gone,
Sammy Davis Jr.,After Today,
INXS,Afterglow,
Bush,Afterlife,
Starland Vocal Band,Afternoon Delight,
Crash Test Dummies,Afternoons And Coffeespoons,
Bobby Hendricks,Agadoo,
Cindy Gomez,Again & Again [Sunfreakz Radio Edit],
Jewel,Again And Again,
Phil Collins,Against All Odds,
Phil Collins,Against All Odds,
Bob Seger,Against the Wind,
Bob Seger,Against the Wind,
Janet Jackson,Again,
Jennifer Lopez,Again,
Kim Leoni,Again [Original Club Mix],
Kim Leoni,Again [Original Radio Edit],
Lenny Kravitz,Again,
Pnau,Again [Original Mix],
New Order,Age of Consent [Howie B. Remix],
Savvas Paphiti,Agie Maroni,
1-800-Dis-N-Dat,Agony And Pain (Part 2) [Premier Tribal House Mix],
Antonio Carlos Jobim,Agua De Beber,
Donnie Iris,Ah! Leah!,
The Tragically Hip,Ahead by a Century,
Quincy Jones,Ai No Corrida,
Michel Telo Featuring Pitbull,Ai Se Eu Te Pego (If I Get Ya) [Worldwide Remix],
Raffi,Aikendrum,
Brooks Buford & Sean Paul of YoungBloodZ,Aim Ta Pleeze,
Kenny Chesney,Ain't Back Yet,
John Mellencamp,Ain't Even Done With the Night,
Alabama 3,Ain't Goin' to Goa,
Garth Brooks,Ain't Going Down (Til the Sun Comes Up),
Garth Brooks,Ain't Going Down (Til the Sun Comes Up),
Bryan Adams,Ain't Gonna Cry,
Ace,Ain't Gonna Stand for This No More,
Jennifer Lopez,Ain't It Funny,
Jennifer Lopez,Ain't It Funny,
Jennifer Lopez Featuring Caddillac Tah & Ja Rule,Ain't It Funny [Murder Remix],
Jennifer Lopez Featuring Ja Rule,Ain't It Funny [Remix],
Count Basie,Ain't It the Truth,
Yung L.A. Featuring Young Dro & T.I.,Ain't I,
Jaheim,Ain't Leavin Without You,
Kim Mitchell,Ain't Life Amazing,
Loverboy,Ain't Looking for Love,
Diana Ross,Ain't No Mountain High Enough,
Marvin Gaye & Tammi Terrell,Ain't No Mountain High Enough,
Black Divas,Ain't No Mountain,
Christina Aguilera,Ain't No Other Man,
Christina Aguilera,Ain't No Other Man [Ospina Sullivan Radio Edit],
Rappin' 4-Tay,Ain't No Playa,
Cage The Elephant,Ain't No Rest For The Wicked,
McFadden & Whitehead,Ain't No Stoppin' Us Now,
Ferry Corsten Featuring Ben Hague,Ain't No Stoppin',
McFadden & Whitehead,Ain't No Stopping Us Now,
Bill Withers,Ain't No Sunshine,
Four Tops,Ain't No Woman (Like The One I Got),
Diana King,Ain't Nobody - Big Beat Mix,
Supertramp,Ain't Nobody but Me,
Ranee Lee,Ain't Nobody's Business,
Faith Evans,Ain't Nobody,
LL Cool J,Ain't Nobody,
Rufus & Chaka Khan,Ain't Nobody,
Salt 'N' Pepa,Ain't Nothin' but a She Thang,
Brad Paisley,Ain't Nothin' Like,
Marvin Gaye & Tammi Terrell,Ain't Nothing Like the Real Thing,
Apollo 440,Ain't Talkin' 'Bout Dub [@440 Instrumental Version],
Van Halen,Ain't Talkin' 'Bout Love,
Dean Martin,Ain't That a Kick in the Head,
Simply Red,Ain't That a Lot of Love,
Simply Red,Ain't That a Lot of Love,
Cheap Trick,Ain't That a Shame [Live],
Fats Domino,Ain't That a Shame,
Lutricia McNeal,Ain't That Just the Way,
Lutricia McNeal,Ain't That Just the Way,
Dwight Yoakam,Ain't That Lonely Yet,
Dwight Yoakam,Ain't That Lonely Yet,
The Thugz,Ain't That You? [Live],
TLC,Ain't to Proud to Beg,
The Temptations,Ain't Too Proud to Beg,
The Temptations,Ain't Too Proud to Beg,
Georg Frederic Handel,Air (From Water Music),
Above & Beyond vs. Andy Moor,Air for Life [Original Mix],
Nelly Featuring Ali & Kyjuan & Murphy Lee,Air Force Ones,
The Hollies,The Air That I Breathe,
Julio Iglesias,Air That I Breathe,
Danny D,Airbreak [Edit],
John Coltrane,Airegin,
B.o.B Featuring Hayley Williams,Airplanes,
The Beach Boys,Airplane,
Rank 1,Airwave,
Rank 1,Airwave,
Rank 1,Airwave,
Sylvester Levay,Airwolf,
Avatars,The Air,
Cartoons,Aisy Waisy,
Hashim,Al Naafiysh,
Hashim,Al Naafiysh,
Hashim,Al Naafiysh,
Gigolo,Al Paradis,
Sonora Carruseles,Al Son De Los Cueros,
Sound 5,Ala Kaboo,
The Doors,Alabama Song (Whiskey Bar),
The Doors,Alabama Song,
Kim Mitchell,Alana Loves Me,
Bjork,Alarm Call,
Big Wreck,Albatross [Album Version],
Monty Python,Albatross,
The Guess Who,Albert Flasher,
Eric Clapton,Alberta [Unplugged],
Eric Clapton,Alberta,
Chet Baker,Alberts House,
Above & Beyond Featuring Zoe Johnston,Alchemy,
Drum Club,Alchemy [Phasers On Stun Mix],
54-40,Alcohol Heart,
Barenaked Ladies,Alcohol,
Brad Paisley,Alcohol,
Gipsy Kings,Alegria,
Lady GaGa,Alejandro,
Lady GaGa,Alejandro [Bimbo Jones Radio Remix],
Lady GaGa,Alejandro,
John Patton,Alfie's Theme,
Charles Gounod,Alfred Hitchcock Presents,
Alf Clausen,Alf,
Tracy Lawrence,Alibis,
Ben Folds Five,Alice Childress,
Liz Phair,Alice Springs,
Full Force,"Alice, I Want You Just For Me!",
Alan Bergman,Alice,
Avril Lavigne,Alice,
Moby,Alice [General MIDI Remix],
Genesis,Alien Afternoon,
Rush,Alien Shore,
The Parachute Club,Alienation,
Blink-182,Aliens Exist,
Elvis Costello,Alison,
Champion,Alive Again,
Chicago,Alive Again,
Simple Minds,Alive And Kicking,
Simple Minds,Alive And Kicking,
Adrian Lux Featuring The Good Natured,Alive,
Alive Featuring D.D. Klein,Alive [Stella Brown Remix],
Annet Artani,Alive [Jason Nevins Radio Edit],
Beastie Boys,Alive,
Daft Punk,Alive,
Goldfrapp,Alive,
Heliotropic,Alive,
Heliotropic,Alive,
Jennifer Lopez,Alive [Thunderpuss Remix],
Jennifer Lopez,Alive [Album Version],
Krewella,Alive,
Krewella,Alive,
Melissa O'Neil,Alive,
Pearl Jam,Alive,
Pearl Jam,Alive,
Joyce Sims,All & All,
Joyce Sims,All & All,
Color Me Badd,All 4 Love,
Noir,All About House Music [Noir 2007 Remix],
Jenny Bliss,All About Me,
Matt Dusk,All About Me,
Billy Joel,All About Soul [Remix],
Billy Joel,All About Soul,
Madison Park with Paul T,All About the Groove [Klubjumpers Radio Edit],
Blake Shelton,All About Tonight,
t.A.T.u.,All About Us [Dave Aude Big Mixshow],
Nick Fiorucci Featuring Trust,All About You [Original Radio],
Darlene Love,All Alone on Christmas,
Filthy Louca,All Alone [Love Assassins Vocal Dub],
Jimi Hendrix,All Along the Watchtower,
Jimi Hendrix,All Along the Watchtower,
Honeymoon Suite,All Along You Knew,
Blessid Union of Souls,All Along,
Hinder,All American Nightmare,
Nirvana,All Apologies [Live],
Nirvana,All Apologies,
Flyleaf,All Around Me,
Justin Bieber,All Around The World,
Lisa Stansfield,All Around the World,
Love Inc.,All Around the World,
Oasis,All Around the World,
Project D,All Around the World [Synth Version],
INXS,All Around,
Jack Johnson,All At Once,
Estee,All Because of You,
Marques Houston,All Because of You,
Miles Davis,All Blues,
Celine Dion,All by Myself,
Celine Dion,All by Myself,
Eric Carmen,All by Myself,
Eric Carmen,All by Myself,
Syarai Featuring Rosette,All by Myself,
Family Guy Cast,All Cartoons Are Fuckin' Dicks,
Allure Featuring 112,All Cried Out,
Allure Featuring 112,All Cried Out,
The Kinks,All Day And All of the Night,
The Kinks,All Day And All of the Night,
The Kinks,All Day And All of the Night,
JC Chasez,All Day Long I Dream About Sex,
Carmen Lundy,"All Day, All Night",
Jennifer Hudson,All Dressed in Love,
The Waking Eyes,All Empires Fall,
Monica,All Eyez on Me,
Platinum Blonde,All Fall Down,
Kanye West Featuring Syleena Johnson,All Falls Down [Clean],
Pat Benatar,All Fired Up,
Bryan Adams & Rod Stewart & Sting,All for Love,
Bryan Adams & Rod Stewart & Sting,All for Love,
Brier,All For Me Grog,
Janet Jackson,All for You,
Sister Hazel,All for You,
Sister Hazel,All for You,
Belinda Carlisle,All God's Children,
Queen,All God's People,
Trinidad James,All Gold Everything [Clean Edit],
Nelly Furtado,All Good Things (Come to an End),
Nelly Furtado,All Good Things (Come to an End) [Dave Aude Club Mix],
Nelly Furtado,All Good Things (Come to an End) [Dave Aude Club Edit],
De La Soul & Chaka Khan,All Good,
Sarah Brightman & Steve Barton,All I Ask of You,
Chantal Kreviazuk,All I Can Do,
Etta James,All I Could Do Is Cry,
Michael Buble,All I Do Is Dream Of You,
DJ Khaled Featuring T-Pain & Ludacris & Rick Ross & Snoop Dogg,All I Do Is Win,
Cleptomaniacs Featuring Bryan Chambers,All I Do,
Cleptomaniacs Featuring Bryan Chambers,All I Do,
Cleptomaniacs Featuring Bryan Chambers,All I Do,
Cleptomaniacs Featuring Bryan Chambers,All I Do,
Marc Dorsey,All I Do,
Marc Dorsey,All I Do,
Basshunter,All I Ever Wanted,
Brian Melo,All I Ever Wanted,
Kelly Clarkson,All I Ever Wanted,
Lenny Kravitz,All I Ever Wanted,
Santana,All I Ever Wanted,
Everly Brothers,All I Have to Do Is Dream,
Glen Campbell & Bobbie Gentry,All I Have To Do Is Dream,
Backstreet Boys,All I Have to Give,
Jennifer Lopez Featuring LL Cool J,All I Have,
Jennifer Lopez Featuring LL Cool J,All I Have,
Jennifer Lopez Featuring LL Cool J,All I Have,
Rahzel,All I Know,
Screaming Trees,All I Know,
Mike + The Mechanics,All I Need Is a Miracle,
Mike + The Mechanics,All I Need Is a Miracle,
Mike + The Mechanics,All I Need Is a Miracle,
Aluna,All I Need Is Time [Sluslik Luna Mix],
Aluna,All I Need Is Time [Original Radio],
Kenny Chesney,All I Need to Know,
AIR,All I Need,
Jack Wagner,All I Need,
Jesse Powell,All I Need,
The Temptations,All I Need,
Neil Diamond,All I Really Need Is You,
Raffi,All I Really Need,
Alanis Morissette,All I Really Want,
Alanis Morissette,All I Really Want,
Kim Lukas,All I Really Want,
Kim Lukas,All I Really Want,
Kim Lukas,All I Really Want,
Kim Lukas,All I Really Want,
A+,All I See,
Kylie Minogue,All I See,
Kylie Minogue,All I See [Mark Picchiotti Funk Vocal Mix],
Sheryl Crow,All I Wanna Do,
Sheryl Crow,All I Wanna Do,
Sheryl Crow,All I Wanna Do,
Sheryl Crow,All I Wanna Do,
Spike Jones and His City Slickers,All I Want for Christmas (Is My Two Front Teeth),
Spike Jones and His City Slickers,All I Want For Christmas Is My Two Front Teeth,
Glee Cast,All I Want For Christmas Is You,
Mariah Carey,All I Want for Christmas Is You,
Michael Buble,All I Want For Christmas Is You,
Teddy Geiger,All I Want For Christmas Is You,
The Puppini Sisters,All I Want For Christmas,
Def Leppard,All I Want Is Everything,
Barry Louis Polisar,All I Want Is You,
Miguel Featuring J. Cole,All I Want Is You,
U2,All I Want Is You,
The Vitamin String Quartet,All I Want Is You,
Sugarland,All I Want To Do,
Honeymoon Suite,All I Wanted,
702,All I Want,
Liz Meyer,All I Want [Club Mix Short],
Maren Ord,All I Want,
Markus Gardeweg,All I Want [Fast Club Mix],
The Offspring,All I Want,
Staind,All I Want,
Styx,All in a Day's Work,
Lee Adams & Charles Strouse,All in the Family ('Those Were the Days'),
Bjork,All Is Full of Love,
Gretchen Wilson,All Jacked Up,
311,All Mixed Up,
George Strait,All My Ex's Live in Texas,
K-Ci & JoJo,All My Life,
K-Ci & JoJo,All My Life,
Linda Ronstadt & Aaron Neville,All My Life,
Led Zeppelin,All My Love,
Led Zeppelin,All My Love,
Queen Pen,All My Love,
The Beatles,All My Loving,
Sasha Lopez & Andreea D Featuring Broono,All My People,
Sasha Lopez & Andreea D Featuring Broono,All My People,
Hank Williams Jr.,All My Rowdy Friends Are Coming Over Tonight,
Paid & Live,All My Time,
Missy Elliott Featuring MC Solaar,All N My Grill,
Missy Elliott Featuring MC Solaar,All N My Grill,
Lionel Richie,All Night Long (All Night),
Cathy Dennis,All Night Long (Touch Me),
Buckcherry,All Night Long,
Lasgo,All Night Long [Mccullen & Ritter Remix],
Lionel Richie,All Night Long,
Lionel Richie,All Night Long,
Vengaboys,All Night Passion,
Damian Marley Featuring Stephen Marley,All Night,
Swollen Members,All Night,
Team Pitbull Featuring David Rush & Pitbull,All Night [Starkillers Radio Edit],
Frank Sinatra,All of Me,
Lester Young & Teddy Wilson,All of Me,
Michael Buble,All Of Me,
Aluna,All of My Life [Van Check & Fierce Extended],
Phil Collins,All of My Life,
Kanye West Featuring Rihanna,All Of The Lights,
Hellogoodbye,All of Your Love [Jimmy Pop Remix],
Colbie Caillat,All Of You,
Ella Fitzgerald,All of You,
Frank Sinatra,All Of You,
Julio Iglesias,All of You,
Kenny Burrell,All of You,
Frank Sinatra,All or Nothing at All,
Frank Sinatra,All Or Nothing At All,
Cher,All or Nothing,
Europe,All or Nothing,
O-Town,All or Nothing,
O-Town,All or Nothing,
Theory of a Deadman,All Or Nothing,
Air Supply,All Out of Love,
Air Supply,All Out of Love,
Jenna Drey,All Out of Love,
Triumph,All Over Again,
Default,All Over Me,
Ola,All Over The World,
Live,All Over You,
Live,All Over You,
Live,All Over You,
Mychael Danna,All Pure Spirit,
Meat Loaf,All Revved Up with No Place to Go,
Free,All Right Now,
Free,All Right Now,
Free,All Right Now,
The Chemical Brothers Featuring Klaxons,All Rights Reversed,
Double Vision,All Right [Original Radio Version],
Blue,All Rise,
Blue,All Rise,
Duran Duran,All She Wants Is,
Don Henley,All She Wants to Do Is Dance,
Don Henley,All She Wants to Do Is Dance,
Default,All She Wrote,
Billy Joel,All Shook Up,
Elvis Presley,All Shook Up,
Elvis Presley,All Shook Up,
Smash Mouth,All Star,
Smash Mouth,All Star,
Smash Mouth,All Star,
Tom Waits,All Stripped Down,
The Beach Boys,All Summer Long,
The Beach Boys,All Summer Long [Vocals],
Kid Rock,All Summer Long,
Haywire,"All Talk, No Action",
Mary J. Blige,All That I Can Say,
Mary J. Blige,All That I Can Say,
Collective Soul,All That I Know,
MC Mario,All That I Like [Barrucco's House Mix],
De Nuit,All That Mattered (Love You Down),
De Nuit,All That Mattered (Love You Down) [East Sunshine Mix],
Ace of Base,All That She Wants,
Ace of Base,All That She Wants [Banghra Version],
Ace of Base,All That She Wants,
Thievery Corporation,All That We Perceive,
Econoline Crush,All That You Are,
Econoline Crush,All That You Are,
Kenny Rogers,All That You Can Be,
Maino Featuring T-Pain,All The Above,
Jesus Jones,All the Answers,
Triumph,All the King's Horses,
Tom Cochrane,All the Kings Men,
Kylie Minogue,All The Lovers,
Whitney Houston,All the Man That I Need,
Babylon Zoo,All the Money's Gone,
Cary Brothers,All the Rage,
Elvis Costello,All the Rage,
R.E.M.,All the Right Friends,
OneRepublic,All The Right Moves,
Sick Puppies,All the Same,
Blink-182,All the Small Things,
Blink-182,All the Small Things,
Blink-182,All the Small Things,
Joe,All the Things (Your Man Won't Do),
Simple Minds,All the Things She Said,
t.A.T.u.,All the Things She Said [Mark!'s Intellectual Vocal],
t.A.T.u.,All the Things She Said,
t.A.T.u.,All the Things She Said,
Frank Sinatra,All the Things You Are,
Boyzone,All the Time in the World,
The Strokes,All The Time,
Mavi vs. Driverspeed,All the Troubles [Original Mix],
Etta James,All the Way Down,
Frank Sinatra,All The Way Home,
Spinal Tap,All the Way Home,
R.E.M.,All the Way to Reno,
Roscoe Dash & Soulja Boy,All The Way Turnt It Up,
Craig David,All the Way,
Crewz Control,All the Way [Club Mix],
Frank Sinatra,All The Way,
Frank Sinatra,All The Way,
Mott the Hoople,All the Young Dudes,
Mott the Hoople,All the Young Dudes,
The Killers,All These Things That I've Done,
Widelife Featuring Simone Denny,All Things (Just Keep Getting Better) [Barry Harris Club Interpretation],
Widelife Featuring Simone Denny,All Things (Just Keep Getting Better),
Widelife Featuring Simone Denny,All Things (Just Keep Getting Better) [Radio Edit],
Widelife Featuring Simone Denny,All Things (Just Keep Getting Better) [Radio Edit],
Monty Python,All Things Dull And Ugly,
The Weepies,All this Beauty,
The Beach Boys,All This Is That,
DeBarge,All This Love,
Jonathan Peters Featuring Sylver Logan Sharp,All This Time [Radio Edit],
Sting,All This Time,
Elvis Costello,All This Useless Beauty,
Pearl Jam,All Those Yesterdays,
Carter Burwell,All Through the Night,
Ella Fitzgerald,All Through the Night,
Robin Thicke,All Tied Up,
Kelly Llorenna,All Time High,
Rita Coolidge,All Time High,
Ray Charles,All to Myself Alone,
Marianas Trench,All To Myself,
The Tragically Hip,All Tore Up,
Neo Tokyo,All Trust Is Gone,
Sloan,All Used Up,
Kim Mitchell,All We Are,
Kim Mitchell,All We Are [Live],
Kim Mitchell,All We Are,
The Big Yard Family Featuring Shaggy,All We Need Is Love (Christmas in the Yard),
Our Lady Peace,All You Did Was Save My Life,
The Mavericks,All You Do Is Bring Me Down,
The Beatles,All You Need Is Love,
Michelle Wright,All You Really Wanna Do,
Michelle Branch,All You Wanted,
Michelle Branch,All You Wanted,
RTZ,All You've Got,
The Band Perry,All Your Life,
K'La,All Your Love,
Carrie Underwood,All-American Girl,
Aadesh Srivastava,Allahu (Dev),
The Benedictine Monks Of Santo Domingo De Silos,"Alleluia, Beatus Vir Qui Suffert",
The Benedictine Monks Of Santo Domingo De Silos,"Alleluia, Dies Santificatus",
Billy Joel,Allentown,
Billy Joel,Allentown [Live],
Bent Fabric,Alley Cat,
Hollywood Argyles,Alley Oop,
Tegan and Sara,Alligator [Automatic Panic Remix],
Brandy,Almost Doesn't Count,
Avenged Sevenfold,Almost Easy,
Mark Chesnutt,Almost Goodbye,
The Rolling Stones,Almost Hear You Sigh,
Megadeth,Almost Honest,
Frank Sinatra,Almost Like Being in Love,
Natalie Cole,Almost Like Being In Love,
Yes,Almost Like Love,
Mike Reno & Ann Wilson,Almost Paradise,
Mike Reno & Ann Wilson,Almost Paradise,
Etta James,Almost Persuaded,
Bowling for Soup,Almost,
Sarah Harmer,Almost,
Foo Fighters,Alone & Easy Target,
Gilbert O'Sullivan,Alone Again (Naturally),
Love,Alone Again Or,
Alyssa Reid,Alone Again,
Instrumental,Alone at the Drive-In-Movie,
David Usher,Alone in the Universe,
Chet Baker,Alone Together,
Above & Beyond,Alone Tonight [Above & Beyond Club Mix],
Above & Beyond,Alone Tonight [Radio Mix],
Jake Owen,Alone With You,
Bee Gees,Alone,
Glee Cast,Alone,
Heart,Alone,
Kim Sozzi,Alone [Johnny Budz Radio Mix],
Lasgo,Alone [Peter Luts Remix],
Chicago,Along Comes a Woman,
Chicago,Along Comes a Woman,
Stromae Featuring Kanye West & Gilbere Forte,Alors On Danse [Nevins No Fog Horn Edit],
Prince,Alphabet St.,
Prince,Alphabet St.,
The Eagles,Already Gone,
Kelly Clarkson,Already Gone,
Kelly Clarkson,Already Gone,
Sugarland,Already Gone,
Tony Bennett with Diana Krall,"Alright,Okay You Win",
Darius Rucker,Alright,
Five for Fighting,Alright,
Jamiroquai,Alright [D&C Electro Groove Mix],
Janet Jackson,Alright,
Kinnie Starr,Alright [Blackwatch Vocal Club Mix],
The Lucy Nation,Alright,
Murk,Alright [Original 3 Remix],
New School,Alright,
Pitbull Featuring Machel Montano,Alright,
Red Carpet,Alright [Den Hentrix & Raffa Mix],
Eumir Deodato,Also Sprach Zarathustra (2001),
Barenaked Ladies,Alternative Girlfriend,
Barenaked Ladies,Alternative Girlfriend,
Ross Bagdasarian,The Alvin Show,
Chocolate Puma,Always And Forever,
Heatwave,Always And Forever,
Luther Vandross,Always And Forever,
Howard Jones,Always Asking Questions,
Mariah Carey,Always Be My Baby,
Mariah Carey,Always Be My Baby,
Mariah Carey,Always Be My Baby,
Paul Carrack,Always Better With You,
Nine Yards,Always Find a Way,
Nine Yards,Always Find a Way,
Nine Yards,Always Find a Way,
Shenandoah,"Always Have, Always Will",
Monty Python,Always Look on the Bright Side of Life,
DJ Tatana Featuring Jael,Always on My Mind [DJ Tatana Sirup Mix],
DJ Tatana Featuring Jael,Always on My Mind [Radio Edit],
Michael Buble,Always on My Mind,
Pet Shop Boys,Always on My Mind,
Pet Shop Boys,Always on My Mind,
Pet Shop Boys,Always on My Mind,
Willie Nelson,Always on My Mind,
Willie Nelson,Always on My Mind,
Lenny Kravitz,Always on the Run,
Ja Rule Featuring Ashanti,Always on Time,
Ja Rule Featuring Ashanti,Always on Time,
Sheryl Crow & Sting,Always on Your Side,
Love,Always See Your Face,
Naked Eyes,Always Something There to Remind Me,
Naked Eyes,Always Something There to Remind Me,
Birdman Featuring Lil Wayne,Always Strapped,
Gloria Estefan,Always Tomorrow,
Gary Glitter,Always Yours,
Sophie Zelmani,Always You,
John Williams,Always: Theme,
Atlantic Starr,Always,
Bon Jovi,Always,
Bon Jovi,Always,
Erasure,Always,
Neverending White Lights,Always,
Pate No.1 Featuring Colinda,Always [Dallas Superstars Remix],
Pate No.1 Featuring Colinda,Always [Club Edit],
Patsy Cline,Always,
The Starlite Singers,Always [Cover],
Tom Kimmel,Always,
Trina Featuring Monica,Always,
Jason Michael Carroll,Alyssa Lies,
Extreme,Am I Ever Gonna Change,
Sheryl Crow,Am I Getting Through (Parts 1 & 2),
Asia,Am I in Love?,
Kon Kan,Am I in Love,
The Partridge Family,Am I Losing You,
Oxygen Featuring Andrea Britton,Am I on Your Mind?,
Oxygen Featuring Andrea Britton,Am I on Your Mind? [Ian Van Dahl Mix],
Erasure,Am I Right?,
Barenaked Ladies,Am I the Only One?,
Dierks Bentley,Am I The Only One,
Alexandre Pires,Amame,
Boston,Amanda,
Boston,Amanda,
Jason Aldean,Amarillo Sky,
Lonestar,Amazed,
Frank Mills,Amazing Grace,
Glen Campbell,Amazing Grace [Live],
Judy Collins,Amazing Grace,
Yes,Amazing Grace,
The Who,Amazing Journey - Sparks,
Aerosmith,Amazing,
Aerosmith,Amazing,
DJ Flex,Amazing [Antoine Clamaran Mix],
George Michael,Amazing [Full Intention Remix],
George Michael,Amazing [Album Version],
Inna,Amazing,
Josh Kelley,Amazing,
Madonna,Amazing,
Seal,Amazing [Thin White Duke Edit],
Brian Setzer Orchestra,The Amens,
Flash Brothers,Amen [Lys Dream Mix],
Jewel,Amen,
Kid Rock,Amen,
Meek Mill Featuring Drake & Jeremih,Amen [Clean],
Full Intention,America (I Love America),
Full Intention,America (I Love America) [Sugar Daddy 12'' Mix],
Violent Femmes,America Is,
Five for Fighting,America Town,
Dave Matthews Band,American Baby [Radio Edit],
Barry Manilow & Bruce Sussman & Charles Albertine & Les Elgart,American Bandstand ('Bandstand Boogie'),
Frank Sinatra,American Beauty Rose,
Estelle Featuring Kanye West,American Boy,
Estelle Featuring Kanye West,American Boy [Soul Seekerz Club Mix],
Estelle Featuring Kanye West,American Boy,
Jada,American Cowboy [Funk Generation Radio Mix],
Dead Can Dance,American Dreaming [Live],
MC Mario Featuring Datdude,American Dream [Steve Watts & Grand Gazou Radio Mix],
Nitty Gritty Dirt Band,American Dream,
Counting Crows,American Girls,
Tom Petty and The Heartbreakers,American Girl,
Lady Antebellum,American Honey,
Garth Brooks,American Honky-Tonk Bar Association,
Green Day,American Idiot,
Madonna,American Life,
Violent Femmes,American Music,
Violent Femmes,American Music,
Don McLean,American Pie,
Don McLean,American Pie,
Don McLean,American Pie,
Madonna,American Pie,
Madonna,American Pie,
Madonna,American Pie,
Rick McGhie,American Pie [Live],
Treble Charger,American Psycho,
The Righteous Brothers,American Rock And Roll,
Brad Paisley,American Saturday Night,
John Mann,American TV,
Rob Zombie,American Witch,
The Guess Who,American Woman,
The Guess Who,American Woman,
The Guess Who,American Woman,
Jaymz Bee,American Woman,
Lenny Kravitz,American Woman,
Lenny Kravitz,American Woman,
Hollerado,Americanarama,
Lady GaGa,Americano,
Lady GaGa,Americano [Gregori Klosman Remix],
Corky & The Juice Pigs,Americans,
Simple Minds,The American,
Kim Mitchell,America,
Neil Diamond,America,
Neil Diamond,America,
Simon & Garfunkel,America,
Spinal Tap,America [2009 Version],
Spinal Tap,America,
Yes,America,
'Weird Al' Yankovic,Amish Paradise,
Fountains of Wayne,Amity Gardens,
Ian Carey & Rosette Featuring Timbaland & Donnie Brasco,Amnesia,
Ian Carey & Rosette Featuring Timbaland & Donnie Brasco,Amnesia,
Saga,Amnesia,
SK8,Amnesty [Chris Cox Radio Edit],
666,Amok [Radio Mix],
Delerium,Amongst The Ruins,
Pearl Jam,Amongst The Waves,
Los Sabrosos,Amor De Adolescente,
Compay Segundo,Amor De Loca Juventud,
Porn Kings,Amour (C'Mon) [DJ Supreme Remix],
Porn Kings,Amour,
Van Halen,Amsterdam,
50 Cent,Amusement Park,
Martin Denny,Amy's Theme,
Prophet Omega,An Area Big Enough to Do It In,
The Bravery,An Honest Mistake,
The Tragically Hip,An Inch an Hour,
Billy Joel,An Innocent Man,
Billy Joel,An Innocent Man,
Billy Joel,An Innocent Man [Live],
Three Dog Night,An Old Fashioned Love Song,
Randy Travis,An Old Pair of Shoes,
Rush,Anagram (For Mongo),
Sex Pistols,Anarchy in the U.K.,
Queensryche,Anarchy-X,
Raffi,Anasi,
Slash,Anastasia,
Prairie Oyster,Ancient History,
The Beatles,And I Love Her,
The Beatles,And I Love Her,
Don McLean,And I Love You So,
Perry Como,And I Love You So,
The DEY,And I Miss You,
Bimbo Jones,And I Try [Original],
Bimbo Jones,And I Try,
Glee Cast,And I'm Telling You I'm Not Going,
Jennifer Hudson,And I'm Telling You I'm Not Going,
Spirit of the West,And If Venice Is Sinking,
Van Morrison,And It Stoned Me,
Ciara,And I,
Steven Wright,And Now Little Green Bag...,
Lucas Prata,And She Said... [Valentin Extended Mix],
Talking Heads,And She Was,
Talking Heads,And She Was,
Billy Joel,And So It Goes,
Billy Joel,And So It Goes,
Reba McEntire,And Still,
The Whispers,And the Beat Goes On,
The Thugz,And The Starts Moved On [Live],
Young Jeezy Featuring Mannie Fresh,And Then What,
The Hooters,And We Danced,
"Blood, Sweat and Tears",And When I Die,
Yes,And You And I [Live],
a-ha,And You Tell Me,
The Beach Boys,And Your Dream Comes True,
Tania Libertad,Anda Mareado,
Zuckerbaby,Andromeda,
Zuckerbaby,Andromeda,
Earle Hagen,The Andy Griffith Show,
Nirvana,Aneurysm,
Dean Martin,Angel Baby,
The Stanley Brothers,Angel Band,
Ella Fitzgerald,Angel Eyes [Layo & Bushwacka Remix],
Ella Fitzgerald,Angel Eyes,
Jack Jones,Angel Eyes,
The Jeff Healey Band,Angel Eyes,
Jim Brickman,Angel Eyes,
Johanne Blouin,Angel Eyes,
Love And Theft,Angel Eyes,
Sonny Stitt,Angel Eyes,
Willie Nelson,Angel Flying Too Close to the Ground,
Santana,Angel Love (Come For Me),
U2,Angel of Harlem,
U2,Angel of Harlem,
Monica,Angel of Mine,
Juice Newton,Angel of the Morning,
Kaskade,Angel On My Shoulder [EDX's Belo Horizonte At Night Mix],
Kaskade,Angel On My Shoulder [EDX's Radio Edit],
Jewel,Angel Standing By,
Aerosmith,Angel's Eye,
Richard Marx,Angel's Lullaby,
ABBA,Angeleyes,
Richard Marx,Angelia,
Delerium Featuring Isabel Bayrakdarian,Angelicus [Andy Moor Full Length Mix],
Delerium Featuring Isabel Bayrakdarian,Angelicus [Andy Moor Radio Edit],
Badlees,Angeline Is Coming Home,
Eric Turner Featuring Lupe Fiasco & Tinie Tempah,Angels & Stars [Nevins Radio Edit],
Alabama,Angels Among Us,
Our Lady Peace,Angels Losing Sleep,
The Pretenders,Angels of the Morning,
Counting Crows,Angels of the Silences,
Alex De Grassi,Angels We Have Heard on High,
Brian Setzer Orchestra,Angels We Have Heard on High,
Christina Aguilera,Angels We Have Heard on High,
Glee Cast,Angels We Have Heard On High,
Mormon Tabernacle Choir,Angels We Have Heard on High,
Flight Of The Conchords,Angels,
Jessica Simpson,Angels,
Robbie Williams,Angels,
Aerosmith,Angel,
Aerosmith,Angel,
Akon,Angel,
Aleesia,Angel,
Amanda Perez,Angel,
Aubrey,Angel [ANR Radio Edit],
Daisy Dee,Angel,
Dave Matthews Band,Angel,
Eurythmics,Angel,
Gavin Friday,Angel,
Haywire,Angel,
Jack Johnson,Angel,
Joee,Angel,
Joee,Angel,
Massive Attack,Angel,
Natasha Bedingfield,Angel,
Natasha Bedingfield,Angel [Moto Blanco Radio Edit],
Ralph Fridge,Angel,
Ralph Fridge,Angel,
Sarah McLachlan,Angel,
Sarah McLachlan,Angel,
Shaggy,Angel,
Simply Red,Angel,
Helen Reddy,Angie Baby,
Charles Fox,Angie,
The Rolling Stones,Angie,
Yes,Angkor Wat,
Poe,Angry Johnny,
Poe,Angry Johnny,
Billy Joel,Angry Young Man [Live],
Steven Tyler & Liv Tyler & Ben Affleck,Animal Crackers,
Glass Tiger,Animal Heart,
Glass Tiger,Animal Heart,
Stephen Bishop,Animal House,
Three Days Grace,Animal I Have Become,
The Cranberries,Animal Instinct,
Savage Garden,The Animal Song,
Mountain,The Animal Trainer And the Toad,
Nickelback,Animals,
Def Leppard,Animal,
DJ Sammy Featuring Jean-Baptiste & Nyah,Animal,
Kristina Maria Featuring JC Chasez,Animal,
Neon Trees,Animal,
Neon Trees,Animal [Smash Mode Radio Edit],
Pearl Jam,Animal,
Platinum Blonde,Animal,
R.E.M.,Animal,
Toto,Animal,
Rush,Animate,
Karsh Kale,Anja [Lil' Roller Mix],
Jatin Lalit,Ankhen Bhi Hoti Hai (Haasil),
Anand Raj Anand,Ankhon Hi Ankhon Mein (Ek Se Badhkar Ek),
Counting Crows,Anna Begins,
Incubus,Anna Molly,
Don Ross,Annie And Martin,
Squeeze,Annie Get Your Gun,
The Angry Kids vs. The Lives of Famous Men,Annie Taylor [Original FM Mix],
Ben Folds,Annie Waits,
John Denver,Annie's Song,
Al Jolson,Anniversary Song,
Festival Italiano,Anniversary Song,
Eddy Howard,The Anniversary Waltz,
Vera Lynn,Anniversary Waltz,
Libra Presents Taylor,Anomaly (Calling Your Name),
Libra Presents Taylor,Anomaly (Calling Your Name),
Bobby Valentino Featuring Timbaland,Anonymous,
Pink Floyd,Another Brick in the Wall (Part I),
Pink Floyd,Another Brick in the Wall (Part II),
Pink Floyd,Another Brick in the Wall (Part II),
Pink Floyd,Another Brick in the Wall (Part II),
Pink Floyd,Another Brick in the Wall (Part III),
Pink Coffee,Another Brick in the Wall [Saffa 135 Extended],
Mambo All-Stars,Another Cha Cha,
Roger Sanchez,Another Chance,
Dakota Moon,Another Day Goes By,
Phil Collins,Another Day in Paradise,
Phil Collins,Another Day in Paradise,
Phil Collins,Another Day in Paradise,
Project D,Another Day in Paradise [Synth Version],
Skip Raiders,Another Day,
Sophia May,Another Day [Sunfreakz Radio Edit],
Whigfield,Another Day,
Whigfield,Another Day,
The Mighty Mighty Bosstones,Another Drinkin' Song,
Ben Harper,Another Lonely Day,
The Tragically Hip,Another Midnight,
One Ton,Another Miracle,
Squeeze,Another Nail for My Heart,
Squeeze,Another Nail for My Heart,
Eddie Money,Another Nice Day in L.A.,
Real McCoy,Another Night,
Real McCoy,Another Night,
Real McCoy,Another Night,
Queen,Another One Bites the Dust,
Queen,Another One Bites the Dust,
Queen,Another One Bites the Dust,
Queen,Another One Bites the Dust,
Mischa Daniels Featuring Crown,Another Place,
Barenaked Ladies,Another Postcard,
Eiffel 65,Another Race,
Chicago,Another Rainy Day in New York City,
Queensryche,Another Rainy Night (Without You),
Fat Joe Featuring Chris Brown,Another Round,
Toni Braxton,Another Sad Love Song,
Cat Stevens,Another Saturday Night,
Cat Stevens,Another Saturday Night,
B.J. Thomas,Another Somebody Done Somebody Wrong Song,
I Mother Earth,Another Sunday,
Alicia Keys & Jack White,Another Way To Die,
Disturbed,Another Way To Die,
Paul van Dyk,Another Way,
Paul van Dyk,Another Way,
Tevin Campbell,Another Way,
Les Boyz Electro,Another World,
Celine Dion,Another Year Has Gone By,
Madison Park,Another Yesterday [BeechKraft Radio Edit],
Elton John,Answer in the Sky,
Michelle Wright,The Answer Is Yes,
Joni Mitchell,"Answer Me, My Love",
Sloan,The Answer Was You,
Bran Van 3000 Featuring Summer Rose & Dizzy D,The Answer,
Men Without Hats,Antarctica,
Floorfilla,Anthem #2,
Floorfilla,Anthem #2,
Silverchair,Anthem for the Year 2000,
Blink-182,Anthem,
Filo & Peri,Anthem [Nic Chagall Mix],
Filo & Peri,Anthem,
Good Charlotte,The Anthem,
Rush,Anthem,
The Thugz,Anthem [Live],
Ubiquitous Synergy Seeker,Anti-Venom,
Carly Simon,Anticipation,
Swedish House Mafia,Antidote,
Andy Ling,Anuna,
Pink Floyd,Any Color You Like,
Ronnie Milsap,Any Day Now,
Llorca,Any How,
Shania Twain,Any Man of Mine,
Shania Twain,Any Man of Mine,
The Beatles,Any Time at All,
The Dave Clark Five,Any Way You Want It,
Journey,Any Way You Want It,
Journey,Any Way You Want It,
Queensryche,Anybody Listening?,
Classified,Anybody Listening,
Michael Cera and Ellen Page,Anyone Else but You,
The Moldy Peaches,Anyone Else but You,
Roxette,Anyone,
Autumn Hill,Anything At All,
Sheryl Crow,Anything But Down,
Avril Lavigne,Anything But Ordinary,
Jack Johnson,Anything but the Truth,
Ellie Goulding,Anything Could Happen [Almighty Radio],
Gloria Estefan,Anything for You,
Snow,Anything for You,
Ella Fitzgerald,Anything Goes,
Guns N' Roses,Anything Goes,
Brad Paisley,Anything Like Me,
Genesis,Anything She Does,
3T,Anything,
3T,Anything,
Frank Sinatra,Anything,
Jojo,Anything,
Monica Featuring Rick Ross & Lil' Kim,Anything,
Musiq Featuring Swizz Beatz,Anything,
Mariah Carey,Anytime You Need a Friend,
Brian McKnight,Anytime,
Brian McKnight,Anytime,
Brian McKnight,Anytime [Remix],
Obsession,Anytime [Definitive Mix],
The Who,"Anyway, Anyhow, Anywhere",
Amber,Anyway [DJ Encore Club Mx],
Duck Sauce,aNYway,
Martina McBride,Anyway,
Sherrie Lea,Anyway [Seismic Crew Uplifting Club Mix],
Backstreet Boys,Anywhere for You,
Enya,Anywhere Is,
Jake Owen,Anywhere With You [Single Edit],
The Tragically Hip,Apartment Song,
The Kinks,Ape Man,
Mychael Danna,Aphrodisiac,
Hardwell Featuring Amba Shepherd,Apollo,
Timbaland Featuring OneRepublic,Apologize,
Young Disciples,Apparently Nothin',
The Matthew Good Band,Apparitions [Edit],
Lady GaGa,Applause,
Bobby Hendricks,Apple Blossom Time,
Pink Floyd,Apples And Oranges,
Natalie MacMaster,Appropriate Dipstick,
Count Basie,April in Paris,
Wynton Marsalis,April in Paris,
Al Jolson,April Showers,
Asia,Aqua II,
Asia,Aqua I,
Jethro Tull,Aqualung,
Morcheeba,Aqualung,
The Fifth Dimension,Aquarius - Let the Sunshine In,
Ibrahim Ferrer,Aquellos Ojos Verdes,
Busta Rhymes Featuring Ron Browz,Arab Money,
DJ Antoine,Arabian Adventure 3 - Good Morning St. Tropez [Extended Mix],
DJ Antoine,Arabian Adventure [Ortega & Gold Vocal Mix],
Mario Piu & Mauro Picotto,Arabian Pleasure,
Mario Piu & Mauro Picotto,Arabian Pleasure,
Jeff Barry,The Archies ('Everything's Archie'),
Jools Holland,Architectural Number,
Jon B Featuring 2Pac,Are U Still Down?,
The Fixx,Are We Ourselves,
Jimi Hendrix,Are You Experienced?,
Jet,Are You Gonna Be My Girl,
Lenny Kravitz,Are You Gonna Go My Way,
Lenny Kravitz,Are You Gonna Go My Way,
Lenny Kravitz,Are You Gonna Go My Way,
Thompson Square,Are You Gonna Kiss Me Or Not,
Michelle Branch,Are You Happy Now?,
Michelle Branch,Are You Happy Now?,
Jimmy Ray,Are You Jimmy Ray?,
Elvis Presley,Are You Lonesome Tonight?,
Elvis Presley,Are You Lonesome Tonight?,
Elton John,Are You Ready for Love,
Reel 2 Real,Are You Ready for Some More?,
Reel 2 Real,Are You Ready for Some More?,
Reel 2 Real,Are You Ready for Some More? [1997 Gossip Mix],
Rozalla,Are You Ready to Fly,
Blue Rodeo,Are You Ready,
The Tragically Hip,Are You Ready,
Jesus Jones,Are You Satisfied?,
Little Sunshine Kids,Are You Sleeping,
Aaliyah,Are You That Somebody?,
Aaliyah,Are You That Somebody?,
Josh Wink,Are You There [Original Remix],
Vaux,Are You With Me,
Monty Python,Argument Song,
Delerium,Aria,
Mark Lindsay,Arizona,
Trace Adkins,Arlington,
Def Leppard,Armageddon It,
Jessica Jarrell,Armageddon [Stonebridge Radio Edit],
Prism,Armageddon,
Rush,Armor and Sword,
KidsAbility,Arms High,
Chilliwack,Arms of Mary,
Xscape,The Arms of the One Who Loves You,
Kerli,Army Of Love [Sultan & Ned Shepard Radio Edit],
Pink Floyd,Arnold Layne,
Kim Leoni,Around & Around,
Cage The Elephant,Around My Head,
Pearl Jam,Around the Bend,
Princess Vanessa,Around the Decks [N+K Club Mix],
LL Cool J,Around the Way Girl,
ATC,Around the World (La La La La La),
ATC,Around the World (La La La La La),
ATC,Around the World (La La La La La),
The Columbia Ballroom Orchestra,Around the World,
Daft Punk,Around the World,
Daft Punk,Around the World,
Daft Punk,Around the World,
Daft Punk,Around the World,
More,Around the World,
Apache Indian,Arranged Marriage,
Joee,Arriba,
Joee,Arriba,
Candlebox,Arrow [Live],
Christopher Cross,Arthur's Theme (The Best That You Can Do),
Edwin McCain,Artist Drop,
*NSYNC,Artist Drop,
Vonda Shepard,Artist Drop,
Lady GaGa,Artpop,
Kon Kan,Arts in D Minor - Harry Houdini,
James Horner,Arvid Beaten,
German Drinking Band,Arzmoser Walzer,
Tracy Lawrence,As Any Fool Can See,
John Mann,As Berlin Builds,
Our Lady Peace,As Fast As You Can,
Toby Keith,As Good as I Once Was,
Fine Young Cannibals,As Hard as It Is,
Sophie B. Hawkins,As I Lay Me Down [Airplay Mix],
Sophie B. Hawkins,As I Lay Me Down,
Sophie B. Hawkins,As I Lay Me Down,
The Tragically Hip,As I Wind Down the Pines,
Glee Cast,As If We Never Said Goodbye,
Brian Setzer Orchestra,As Long As I'm Singin',
Bavarian Oktoberfest Band & Chorus,As Long as There's the Old St. Peter - Fun in the Munich Hofbrauhaus,
Fleetwood Mac,As Long as You Follow,
Backstreet Boys,As Long as You Love Me,
Backstreet Boys,As Long as You Love Me,
Backstreet Boys,As Long as You Love Me [Radio Edit],
Justin Bieber,As Long As You Love Me [Ferry Corsten Radio Edit],
Justin Bieber,As Long As You Love Me,
Glee Cast,As Long As You're There,
Zac Brown Band,As She's Walking Away,
Ian Thomas,As the Days Go By,
Motorcycle,As the Rush Comes [Gabriel & Dresden Sweeping Strings Mix],
Dooley Wilson,As Time Goes by (From Casablanca),
Avalon Pops Orchestra,As Time Goes By,
Dooley Wilson,As Time Goes By,
Frank Sinatra,As Time Goes By,
Jimmy Durante,As Time Goes By,
Johnny Mathis,As Time Goes By,
Sonny Stitt,As Time Goes By,
Afrojack & Chris Brown,As Your Friend [Radio Edit],
Maxwell,Ascension (Don't Ever Wonder),
Ben Folds,The Ascent of Stan,
Las Ketchup,Asereje,
Faith No More,Ashes to Ashes,
James Horner,Ashes,
Master 'Mixin' Mando,Asi (Like This Like That),
Journey,Ask the Lonely,
Vonda Shepard,Ask the Lonely,
The Smiths,Ask,
Gym Class Heroes Featuring Neon Hitch,Ass Back Home,
Gym Class Heroes Featuring Neon Hitch,Ass Back Home [Ken Loi Radio Mix],
Look People,Ass Juice Face,
Muse,Assassin,
Brighton Rock,Assault Attack,
Denis Leary,Asshole of the Dance,
Denis Leary,Asshole,
The Evil Genius Orchestra,The Asteroid Field,
John Williams,The Asteroid Field,
Rick Ross Featuring Drake,Aston Martin Music,
Bran Van 3000 Featuring Curtis Mayfield,Astounded,
BKS,Astroplane,
BKS,Astroplane,
BKS,Astroplane,
George Michael & Mary J. Blige,As,
Beyonce,At Last,
Celine Dion,At Last,
Etta James,At Last,
Etta James,At Last,
Eva Cassidy,At Last,
Joni Mitchell,At Last,
Megashira,At Last,
The Spitfire Band,At Last,
The Starlite Singers,At Last [Cover],
Spacehog,At Least I Got Laid,
Frank Sinatra,At Long Last Love,
R.E.M.,At My Most Beautiful,
Wild Orchid,At Night I Pray,
Shakedown,At Night,
Shakedown,At Night [Mousse T Remix],
Jack Johnson,At Or With Me,
Jack Johnson,At or With Me,
Donna Lewis & Richard Marx,At the Beginning,
Richard Marx & Donna Lewis,At the Beginning,
iiO,At the End,
iiO,At the End [Scumfrog Remix],
The Parachute Club,At the Feet of the Moon,
Danny & The Juniors,At the Hop,
The Tragically Hip,At the Hundredth Meridian,
Simon & Garfunkel,At the Zoo,
Billy Vera,At This Moment,
Michael Buble,At This Moment,
The Tragically Hip,At Transformation,
Michael Kamen,"Athos, Porthos and Aramis [Greater LA All Star Orchestra]",
LTJ Bukem,Atlantis (I Need You),
George Clinton,Atomic Dog,
George Clinton,Atomic Dog,
Coldcut,Atomic Moog 2000,
Blondie,Atomic,
Blondie,Atomic,
Sleeper,Atomic,
Commander Tom,Attention [Original Club Mix],
Commander Tom,Attention [Radio Edit],
The Lonely Island Featuring Beck,Attracted To Us,
KidsAbility,Au Claire de la Lune,
Flight Of The Conchords,Au Revoir,
Rise Against,Audience Of One,
Look People,Auf Wiedersen Polka,
Emanuel Kiriakou,August Rain,
The Drifters,Auld Lang Syne,
Guy Lombardo,Auld Lang Syne,
Guy Lombardo,Auld Lang Syne,
Guy Lombardo And His Royal Canadians,Auld Lang Syne,
Jennifer Ryan,Auld Lang Syne [Jazz Version],
Lou Rawls,Auld Lang Syne,
Rob Crabtree,Auld Lang Syne,
Mairi Campbell and Dave Francis,Auld Lange Syne,
Deadmau5,Aural Psynapse,
Lady GaGa,Aura,
John Mellencamp,Authority Song,
John Mellencamp,Authority Song,
Project D,Autobahn [Synth Version],
Platinum Blonde,Automatic Drive,
Our Lady Peace,Automatic Flowers,
Our Lady Peace,Automatic Flowers,
Real McCoy,Automatic Lover,
Danny Fernandes,Automatic,
Ultra Nate,Automatic,
Livvi Franc,Automatik [Smash Mode Radio],
The Kinks,Autumn Almanac,
Wynton Marsalis,Autumn Leaves,
John Coltrane & Johnny Hartman,Autumn Serenade,
The Smashing Pumpkins,Ava Adore,
Rush,Available Light,
Juliet,Avalon [Jacques Lu Cont Remix],
Juliet,Avalon [Radio Edit],
Natalie Cole,Avalon,
Roxy Music,Avalon,
David Bisbal,Ave Maria,
Frank Sinatra,Ave Maria,
Franz Schubert,Ave Maria,
Il Divo,Ave Maria,
Jewel,Ave Maria,
Johann Sebastian Bach,Ave Maria,
Johann Sebastian Bach & Charles Gounod,Ave Maria,
Michael Buble,Ave Maria,
Nana Mouskouri & Alain Goraguer and His Orchestra,Ave Maria [Gounod],
Nana Mouskouri & Alain Goraguer and His Orchestra,Ave Maria [Shubert],
Primo Leone,Ave Maria,
The Benedictine Monks Of Santo Domingo De Silos,Ave Mundi Spes Maria,
Red Rider,Avenue 'A',
Tom Cochrane,Avenue A,
Refugee Camp All Stars,Avenues,
Refugee Camp All Stars,Avenues,
Paul van Dyk,Avenue,
The Thugz,Ave [Live],
Kalan Porter,Awake in a Dream,
York,The Awakening,
York,The Awakening [Quake Radio Edit],
Jes,Awaken [Ron Reeser & Dan Saenz Radio Edit],
Yes,Awaken,
Crash Karma,Awake,
Letters to Cleo,Awake,
3 Doors Down,Away From the Sun,
The Boys Choir of the Vienna Woods,Away in a Manger,
John Berry,Away in a Manger,
Johnny Cash,Away in a Manger,
Kenny G,Away in a Manger,
Crazy Frog,Axel F,
Crazy Frog,Axel F,
Crazy Frog,Axel F,
Harold Faltermeyer,Axel F,
Project D,Axel F [Synth Version],
Pearl Jam,Aye Davanita,
Ayla,Ayla,
Ayla,Ayla [DJ Tandu Remix],
50 Cent Featuring Justin Timberlake,Ayo Technology,
Milow,Ayo Technology,
Travis Porter Featuring Tyga,Ayy Ladies,
Fiorello,Azzuro [BMR's Clubcut],
Barenaked Ladies,A,
